document,cluster
RV 1.1,29
RV 1.2,-1
RV 1.3,21
RV 1.4,5
RV 1.5,5
RV 1.6,5
RV 1.7,5
RV 1.8,5
RV 1.9,5
RV 1.10,5
RV 1.11,5
RV 1.12,29
RV 1.13,11
RV 1.14,11
RV 1.15,-1
RV 1.16,5
RV 1.17,-1
RV 1.18,6
RV 1.19,11
RV 1.20,10
RV 1.21,-1
RV 1.22,19
RV 1.23,17
RV 1.24,12
RV 1.25,12
RV 1.26,29
RV 1.27,29
RV 1.28,2
RV 1.29,4
RV 1.30,5
RV 1.31,-1
RV 1.32,5
RV 1.33,5
RV 1.34,-1
RV 1.35,-1
RV 1.36,29
RV 1.37,1
RV 1.38,1
RV 1.39,1
RV 1.40,6
RV 1.41,18
RV 1.42,28
RV 1.43,-1
RV 1.44,-1
RV 1.45,11
RV 1.46,21
RV 1.47,21
RV 1.48,0
RV 1.49,0
RV 1.50,-1
RV 1.51,5
RV 1.52,5
RV 1.53,5
RV 1.54,5
RV 1.55,5
RV 1.56,5
RV 1.57,5
RV 1.58,30
RV 1.59,-1
RV 1.60,27
RV 1.61,5
RV 1.62,5
RV 1.63,5
RV 1.64,1
RV 1.65,34
RV 1.66,30
RV 1.67,-1
RV 1.68,-1
RV 1.69,34
RV 1.70,-1
RV 1.71,30
RV 1.72,32
RV 1.73,30
RV 1.74,-1
RV 1.75,29
RV 1.76,-1
RV 1.77,30
RV 1.78,3
RV 1.79,29
RV 1.80,5
RV 1.81,5
RV 1.82,5
RV 1.83,-1
RV 1.84,-1
RV 1.85,1
RV 1.86,1
RV 1.87,1
RV 1.88,1
RV 1.89,-1
RV 1.90,19
RV 1.91,3
RV 1.92,0
RV 1.93,-1
RV 1.94,-1
RV 1.95,-1
RV 1.96,34
RV 1.97,-1
RV 1.98,34
RV 1.99,-1
RV 1.100,5
RV 1.101,5
RV 1.102,5
RV 1.103,5
RV 1.104,5
RV 1.105,-1
RV 1.106,19
RV 1.107,19
RV 1.108,-1
RV 1.109,-1
RV 1.110,10
RV 1.111,10
RV 1.112,23
RV 1.113,0
RV 1.114,-1
RV 1.115,26
RV 1.116,23
RV 1.117,23
RV 1.118,23
RV 1.119,23
RV 1.120,-1
RV 1.121,5
RV 1.122,19
RV 1.123,0
RV 1.124,0
RV 1.125,15
RV 1.126,9
RV 1.127,29
RV 1.128,-1
RV 1.129,28
RV 1.130,5
RV 1.131,5
RV 1.132,5
RV 1.133,4
RV 1.134,2
RV 1.135,2
RV 1.136,20
RV 1.137,18
RV 1.138,5
RV 1.139,-1
RV 1.140,-1
RV 1.141,-1
RV 1.142,11
RV 1.143,29
RV 1.144,-1
RV 1.145,-1
RV 1.146,-1
RV 1.147,33
RV 1.148,-1
RV 1.149,3
RV 1.150,5
RV 1.151,-1
RV 1.152,-1
RV 1.153,20
RV 1.154,-1
RV 1.155,5
RV 1.156,20
RV 1.157,-1
RV 1.158,23
RV 1.159,8
RV 1.160,8
RV 1.161,10
RV 1.162,-1
RV 1.163,5
RV 1.164,25
RV 1.165,1
RV 1.166,1
RV 1.167,1
RV 1.168,1
RV 1.169,1
RV 1.170,11
RV 1.171,1
RV 1.172,1
RV 1.173,3
RV 1.174,5
RV 1.175,5
RV 1.176,5
RV 1.177,5
RV 1.178,5
RV 1.179,-1
RV 1.180,-1
RV 1.181,-1
RV 1.182,23
RV 1.183,24
RV 1.184,-1
RV 1.185,8
RV 1.186,19
RV 1.187,3
RV 1.188,11
RV 1.189,33
RV 1.190,3
RV 1.191,17
RV 2.1,29
RV 2.2,29
RV 2.3,14
RV 2.4,-1
RV 2.5,-1
RV 2.6,29
RV 2.7,29
RV 2.8,-1
RV 2.9,-1
RV 2.10,-1
RV 2.11,5
RV 2.12,5
RV 2.13,3
RV 2.14,5
RV 2.15,5
RV 2.16,5
RV 2.17,5
RV 2.18,5
RV 2.19,5
RV 2.20,5
RV 2.21,3
RV 2.22,-1
RV 2.23,6
RV 2.24,6
RV 2.25,6
RV 2.26,6
RV 2.27,-1
RV 2.28,12
RV 2.29,-1
RV 2.30,5
RV 2.31,19
RV 2.32,0
RV 2.33,-1
RV 2.34,1
RV 2.35,-1
RV 2.36,5
RV 2.37,5
RV 2.38,-1
RV 2.39,-1
RV 2.40,-1
RV 2.41,18
RV 2.42,7
RV 2.43,21
RV 3.1,32
RV 3.2,29
RV 3.3,29
RV 3.4,14
RV 3.5,32
RV 3.6,14
RV 3.7,32
RV 3.8,11
RV 3.9,29
RV 3.10,29
RV 3.11,29
RV 3.12,16
RV 3.13,29
RV 3.14,27
RV 3.15,33
RV 3.16,29
RV 3.17,27
RV 3.18,33
RV 3.19,27
RV 3.20,14
RV 3.21,-1
RV 3.22,27
RV 3.23,-1
RV 3.24,29
RV 3.25,27
RV 3.26,1
RV 3.27,29
RV 3.28,29
RV 3.29,-1
RV 3.30,5
RV 3.31,5
RV 3.32,5
RV 3.33,-1
RV 3.34,-1
RV 3.35,5
RV 3.36,5
RV 3.37,5
RV 3.38,-1
RV 3.39,5
RV 3.40,5
RV 3.41,5
RV 3.42,5
RV 3.43,5
RV 3.44,5
RV 3.45,5
RV 3.46,5
RV 3.47,5
RV 3.48,5
RV 3.49,-1
RV 3.50,5
RV 3.51,5
RV 3.52,5
RV 3.53,7
RV 3.54,8
RV 3.55,-1
RV 3.56,22
RV 3.57,14
RV 3.58,-1
RV 3.59,-1
RV 3.60,10
RV 3.61,0
RV 3.62,19
RV 4.1,-1
RV 4.2,-1
RV 4.3,-1
RV 4.4,33
RV 4.5,-1
RV 4.6,31
RV 4.7,31
RV 4.8,6
RV 4.9,29
RV 4.10,33
RV 4.11,33
RV 4.12,33
RV 4.13,26
RV 4.14,26
RV 4.15,9
RV 4.16,5
RV 4.17,5
RV 4.18,-1
RV 4.19,5
RV 4.20,5
RV 4.21,5
RV 4.22,5
RV 4.23,-1
RV 4.24,5
RV 4.25,-1
RV 4.26,-1
RV 4.27,-1
RV 4.28,5
RV 4.29,5
RV 4.30,5
RV 4.31,5
RV 4.32,5
RV 4.33,10
RV 4.34,10
RV 4.35,10
RV 4.36,10
RV 4.37,-1
RV 4.38,5
RV 4.39,19
RV 4.40,19
RV 4.41,-1
RV 4.42,13
RV 4.43,24
RV 4.44,24
RV 4.45,-1
RV 4.46,2
RV 4.47,2
RV 4.48,16
RV 4.49,-1
RV 4.50,0
RV 4.51,0
RV 4.52,22
RV 4.53,22
RV 4.54,19
RV 4.55,8
RV 4.56,-1
RV 4.57,25
RV 4.58,31
RV 5.1,-1
RV 5.2,33
RV 5.3,33
RV 5.4,11
RV 5.5,29
RV 5.6,29
RV 5.7,29
RV 5.8,29
RV 5.9,29
RV 5.10,29
RV 5.11,-1
RV 5.12,-1
RV 5.13,29
RV 5.14,-1
RV 5.15,-1
RV 5.16,29
RV 5.17,29
RV 5.18,3
RV 5.19,-1
RV 5.20,29
RV 5.21,29
RV 5.22,-1
RV 5.23,-1
RV 5.24,29
RV 5.25,11
RV 5.26,9
RV 5.27,29
RV 5.28,5
RV 5.29,5
RV 5.30,5
RV 5.31,5
RV 5.32,5
RV 5.33,5
RV 5.34,5
RV 5.35,5
RV 5.36,7
RV 5.37,-1
RV 5.38,5
RV 5.39,5
RV 5.40,5
RV 5.41,19
RV 5.42,19
RV 5.43,19
RV 5.44,3
RV 5.45,26
RV 5.46,19
RV 5.47,-1
RV 5.48,-1
RV 5.49,19
RV 5.50,28
RV 5.51,19
RV 5.52,1
RV 5.53,1
RV 5.54,1
RV 5.55,1
RV 5.56,1
RV 5.57,1
RV 5.58,1
RV 5.59,1
RV 5.60,1
RV 5.61,-1
RV 5.62,20
RV 5.63,20
RV 5.64,18
RV 5.65,18
RV 5.66,18
RV 5.67,18
RV 5.68,18
RV 5.69,20
RV 5.70,28
RV 5.71,-1
RV 5.72,-1
RV 5.73,21
RV 5.74,-1
RV 5.75,-1
RV 5.76,24
RV 5.77,24
RV 5.78,-1
RV 5.79,0
RV 5.80,0
RV 5.81,22
RV 5.82,22
RV 5.83,5
RV 5.84,5
RV 5.85,12
RV 5.86,-1
RV 5.87,1
RV 6.1,-1
RV 6.2,29
RV 6.3,-1
RV 6.4,33
RV 6.5,33
RV 6.6,-1
RV 6.7,34
RV 6.8,34
RV 6.9,-1
RV 6.10,29
RV 6.11,27
RV 6.12,33
RV 6.13,33
RV 6.14,29
RV 6.15,29
RV 6.16,29
RV 6.17,5
RV 6.18,5
RV 6.19,5
RV 6.20,5
RV 6.21,5
RV 6.22,5
RV 6.23,5
RV 6.24,5
RV 6.25,5
RV 6.26,5
RV 6.27,-1
RV 6.28,8
RV 6.29,5
RV 6.30,5
RV 6.31,5
RV 6.32,5
RV 6.33,5
RV 6.34,5
RV 6.35,5
RV 6.36,5
RV 6.37,5
RV 6.38,5
RV 6.39,5
RV 6.40,5
RV 6.41,5
RV 6.42,4
RV 6.43,5
RV 6.44,5
RV 6.45,5
RV 6.46,5
RV 6.47,5
RV 6.48,29
RV 6.49,19
RV 6.50,19
RV 6.51,18
RV 6.52,19
RV 6.53,28
RV 6.54,18
RV 6.55,28
RV 6.56,28
RV 6.57,3
RV 6.58,-1
RV 6.59,16
RV 6.60,16
RV 6.61,0
RV 6.62,-1
RV 6.63,24
RV 6.64,0
RV 6.65,0
RV 6.66,1
RV 6.67,1
RV 6.68,20
RV 6.69,-1
RV 6.70,8
RV 6.71,22
RV 6.72,-1
RV 6.73,-1
RV 6.74,-1
RV 6.75,7
RV 7.1,33
RV 7.2,14
RV 7.3,33
RV 7.4,33
RV 7.5,34
RV 7.6,-1
RV 7.7,27
RV 7.8,33
RV 7.9,-1
RV 7.10,27
RV 7.11,27
RV 7.12,-1
RV 7.13,-1
RV 7.14,29
RV 7.15,29
RV 7.16,29
RV 7.17,27
RV 7.18,5
RV 7.19,5
RV 7.20,5
RV 7.21,5
RV 7.22,5
RV 7.23,5
RV 7.24,5
RV 7.25,5
RV 7.26,5
RV 7.27,5
RV 7.28,5
RV 7.29,5
RV 7.30,5
RV 7.31,5
RV 7.32,5
RV 7.33,15
RV 7.34,19
RV 7.35,19
RV 7.36,19
RV 7.37,5
RV 7.38,19
RV 7.39,14
RV 7.40,19
RV 7.41,19
RV 7.42,14
RV 7.43,-1
RV 7.44,19
RV 7.45,22
RV 7.46,-1
RV 7.47,-1
RV 7.48,-1
RV 7.49,-1
RV 7.50,17
RV 7.51,-1
RV 7.52,19
RV 7.53,8
RV 7.54,-1
RV 7.55,7
RV 7.56,1
RV 7.57,1
RV 7.58,1
RV 7.59,1
RV 7.60,20
RV 7.61,20
RV 7.62,-1
RV 7.63,26
RV 7.64,20
RV 7.65,20
RV 7.66,18
RV 7.67,24
RV 7.68,23
RV 7.69,24
RV 7.70,24
RV 7.71,24
RV 7.72,24
RV 7.73,-1
RV 7.74,-1
RV 7.75,0
RV 7.76,0
RV 7.77,0
RV 7.78,0
RV 7.79,0
RV 7.80,0
RV 7.81,0
RV 7.82,-1
RV 7.83,-1
RV 7.84,20
RV 7.85,20
RV 7.86,12
RV 7.87,-1
RV 7.88,12
RV 7.89,12
RV 7.90,19
RV 7.91,-1
RV 7.92,2
RV 7.93,-1
RV 7.94,16
RV 7.95,0
RV 7.96,0
RV 7.97,20
RV 7.98,5
RV 7.99,-1
RV 7.100,5
RV 7.101,-1
RV 7.102,-1
RV 7.103,15
RV 7.104,-1
RV 8.1,5
RV 8.2,5
RV 8.3,5
RV 8.4,5
RV 8.5,21
RV 8.6,5
RV 8.7,1
RV 8.8,21
RV 8.9,21
RV 8.10,21
RV 8.11,29
RV 8.12,5
RV 8.13,5
RV 8.14,5
RV 8.15,5
RV 8.16,3
RV 8.17,5
RV 8.18,18
RV 8.19,29
RV 8.20,1
RV 8.21,5
RV 8.22,21
RV 8.23,29
RV 8.24,5
RV 8.25,18
RV 8.26,21
RV 8.27,18
RV 8.28,18
RV 8.29,3
RV 8.30,18
RV 8.31,-1
RV 8.32,5
RV 8.33,5
RV 8.34,5
RV 8.35,16
RV 8.36,5
RV 8.37,5
RV 8.38,16
RV 8.39,29
RV 8.40,5
RV 8.41,-1
RV 8.42,20
RV 8.43,29
RV 8.44,29
RV 8.45,5
RV 8.46,5
RV 8.47,18
RV 8.48,-1
RV 8.49,29
RV 8.50,5
RV 8.51,5
RV 8.52,5
RV 8.53,5
RV 8.54,2
RV 8.55,5
RV 8.56,18
RV 8.57,5
RV 8.58,5
RV 8.59,5
RV 8.60,29
RV 8.61,3
RV 8.62,-1
RV 8.63,29
RV 8.64,-1
RV 8.65,5
RV 8.66,5
RV 8.67,5
RV 8.68,6
RV 8.69,5
RV 8.70,5
RV 8.71,5
RV 8.72,18
RV 8.73,29
RV 8.74,-1
RV 8.75,-1
RV 8.76,21
RV 8.77,5
RV 8.78,5
RV 8.79,5
RV 8.80,-1
RV 8.81,5
RV 8.82,5
RV 8.83,-1
RV 8.84,5
RV 8.85,5
RV 8.86,5
RV 8.87,5
RV 8.88,5
RV 8.89,-1
RV 8.90,-1
RV 8.91,29
RV 8.92,29
RV 8.93,5
RV 8.94,5
RV 8.95,5
RV 8.96,5
RV 8.97,5
RV 8.98,5
RV 8.99,9
RV 8.100,9
RV 8.101,-1
RV 8.102,-1
RV 8.103,-1
RV 9.1,3
RV 9.2,3
RV 9.3,3
RV 9.4,3
RV 9.5,3
RV 9.6,3
RV 9.7,3
RV 9.8,3
RV 9.9,3
RV 9.10,3
RV 9.11,3
RV 9.12,3
RV 9.13,3
RV 9.14,3
RV 9.15,3
RV 9.16,3
RV 9.17,3
RV 9.18,3
RV 9.19,3
RV 9.20,3
RV 9.21,3
RV 9.22,3
RV 9.23,3
RV 9.24,3
RV 9.25,3
RV 9.26,3
RV 9.27,3
RV 9.28,3
RV 9.29,3
RV 9.30,3
RV 9.31,3
RV 9.32,3
RV 9.33,3
RV 9.34,3
RV 9.35,3
RV 9.36,3
RV 9.37,3
RV 9.38,3
RV 9.39,3
RV 9.40,3
RV 9.41,3
RV 9.42,3
RV 9.43,3
RV 9.44,3
RV 9.45,3
RV 9.46,3
RV 9.47,3
RV 9.48,5
RV 9.49,3
RV 9.50,3
RV 9.51,3
RV 9.52,3
RV 9.53,3
RV 9.54,3
RV 9.55,3
RV 9.56,3
RV 9.57,3
RV 9.58,3
RV 9.59,-1
RV 9.60,3
RV 9.61,3
RV 9.62,3
RV 9.63,3
RV 9.64,3
RV 9.65,3
RV 9.66,3
RV 9.67,3
RV 9.68,3
RV 9.69,3
RV 9.70,3
RV 9.71,3
RV 9.72,3
RV 9.73,3
RV 9.74,3
RV 9.75,3
RV 9.76,3
RV 9.77,3
RV 9.78,3
RV 9.79,3
RV 9.80,3
RV 9.81,3
RV 9.82,3
RV 9.83,3
RV 9.84,3
RV 9.85,3
RV 9.86,3
RV 9.87,3
RV 9.88,3
RV 9.89,3
RV 9.90,3
RV 9.91,3
RV 9.92,3
RV 9.93,3
RV 9.94,3
RV 9.95,3
RV 9.96,3
RV 9.97,3
RV 9.98,3
RV 9.99,3
RV 9.100,3
RV 9.101,3
RV 9.102,-1
RV 9.103,3
RV 9.104,3
RV 9.105,3
RV 9.106,3
RV 9.107,3
RV 9.108,3
RV 9.109,3
RV 9.110,3
RV 9.111,5
RV 9.112,3
RV 9.113,3
RV 9.114,3
RV 10.1,31
RV 10.2,27
RV 10.3,31
RV 10.4,31
RV 10.5,-1
RV 10.6,27
RV 10.7,33
RV 10.8,32
RV 10.9,17
RV 10.10,15
RV 10.11,-1
RV 10.12,14
RV 10.13,25
RV 10.14,-1
RV 10.15,-1
RV 10.16,-1
RV 10.17,-1
RV 10.18,-1
RV 10.19,17
RV 10.20,27
RV 10.21,29
RV 10.22,5
RV 10.23,5
RV 10.24,-1
RV 10.25,3
RV 10.26,28
RV 10.27,15
RV 10.28,-1
RV 10.29,5
RV 10.30,-1
RV 10.31,-1
RV 10.32,15
RV 10.33,13
RV 10.34,15
RV 10.35,19
RV 10.36,19
RV 10.37,17
RV 10.38,4
RV 10.39,23
RV 10.40,-1
RV 10.41,21
RV 10.42,5
RV 10.43,5
RV 10.44,5
RV 10.45,34
RV 10.46,32
RV 10.47,5
RV 10.48,13
RV 10.49,13
RV 10.50,5
RV 10.51,-1
RV 10.52,-1
RV 10.53,14
RV 10.54,5
RV 10.55,5
RV 10.56,-1
RV 10.57,-1
RV 10.58,-1
RV 10.59,8
RV 10.60,13
RV 10.61,-1
RV 10.62,-1
RV 10.63,-1
RV 10.64,19
RV 10.65,19
RV 10.66,19
RV 10.67,-1
RV 10.68,-1
RV 10.69,-1
RV 10.70,14
RV 10.71,15
RV 10.72,25
RV 10.73,5
RV 10.74,5
RV 10.75,3
RV 10.76,-1
RV 10.77,1
RV 10.78,1
RV 10.79,-1
RV 10.80,32
RV 10.81,-1
RV 10.82,25
RV 10.83,5
RV 10.84,5
RV 10.85,-1
RV 10.86,-1
RV 10.87,-1
RV 10.88,-1
RV 10.89,5
RV 10.90,25
RV 10.91,29
RV 10.92,8
RV 10.93,18
RV 10.94,1
RV 10.95,15
RV 10.96,5
RV 10.97,18
RV 10.98,-1
RV 10.99,5
RV 10.100,19
RV 10.101,-1
RV 10.102,9
RV 10.103,5
RV 10.104,5
RV 10.105,5
RV 10.106,-1
RV 10.107,15
RV 10.108,-1
RV 10.109,-1
RV 10.110,14
RV 10.111,5
RV 10.112,5
RV 10.113,5
RV 10.114,25
RV 10.115,30
RV 10.116,5
RV 10.117,15
RV 10.118,29
RV 10.119,13
RV 10.120,5
RV 10.121,-1
RV 10.122,29
RV 10.123,-1
RV 10.124,12
RV 10.125,12
RV 10.126,18
RV 10.127,0
RV 10.128,19
RV 10.129,25
RV 10.130,25
RV 10.131,5
RV 10.132,19
RV 10.133,4
RV 10.134,4
RV 10.135,-1
RV 10.136,3
RV 10.137,17
RV 10.138,5
RV 10.139,26
RV 10.140,29
RV 10.141,-1
RV 10.142,7
RV 10.143,23
RV 10.144,3
RV 10.145,13
RV 10.146,-1
RV 10.147,5
RV 10.148,5
RV 10.149,26
RV 10.150,29
RV 10.151,-1
RV 10.152,4
RV 10.153,5
RV 10.154,11
RV 10.155,-1
RV 10.156,-1
RV 10.157,-1
RV 10.158,22
RV 10.159,13
RV 10.160,5
RV 10.161,9
RV 10.162,17
RV 10.163,17
RV 10.164,-1
RV 10.165,-1
RV 10.166,13
RV 10.167,5
RV 10.168,26
RV 10.169,19
RV 10.170,-1
RV 10.171,-1
RV 10.172,0
RV 10.173,12
RV 10.174,13
RV 10.175,-1
RV 10.176,9
RV 10.177,25
RV 10.178,-1
RV 10.179,10
RV 10.180,5
RV 10.181,25
RV 10.182,-1
RV 10.183,-1
RV 10.184,-1
RV 10.185,20
RV 10.186,-1
RV 10.187,-1
RV 10.188,-1
RV 10.189,26
RV 10.190,-1
RV 10.191,29
